"","plot_number","dominant_veg_1930","secondary_veg_1930","dominant_cover_1930","secondary_cover_1930","dominant_veg_2009","secondary_veg_2009","dominant_cover_2009","secondary_cover_2009"
"1",0,"tree","grass",90,10,"tree","grass",92,8
"2",1,"grass","chaparral",44,38,"chaparral","grass",54,44
"3",2,"chaparral","barren",88,12,"chaparral","grass",66,24
"4",3,"tree","grass",46,40,"grass","tree",76,24
"5",4,"sage","grass",60,26,"sage","grass",52,48
"6",5,"chaparral","grass",68,16,"chaparral","grass",58,42
"7",6,"tree","grass",82,18,"tree","grass",54,46
"8",7,"sage","grass",74,26,"sage","grass",74,26
"9",8,"sage","grass",56,42,"grass","sage",72,26
"10",9,"chaparral","grass",60,40,"grass","chaparral",80,20
"11",10,"tree","grass",66,34,"grass","tree",80,20
"12",11,"chaparral","barren",86,10,"chaparral","grass",88,6
"13",12,"barren","chaparral",44,38,"chaparral","grass",56,22
"14",13,"tree","grass",66,34,"tree","grass",98,2
"15",14,"chaparral","grass",86,14,"chaparral","grass",90,8
"16",15,"sage","grass",58,40,"grass","sage",82,12
"17",16,"grass","chaparral",42,32,"chaparral","grass",68,30
"18",17,"chaparral","barren",72,22,"chaparral","barren",60,26
"19",18,"tree","grass",58,26,"grass","chaparral",86,14
"20",19,"chaparral","grass",76,24,"chaparral","grass",54,46
"21",20,"grass","tree",54,46,"grass","tree",64,36
"22",21,"sage","grass",76,24,"grass","sage",92,8
"23",22,"chaparral","grass",98,2,"chaparral","grass",90,10
"24",23,"chaparral","grass",88,12,"chaparral","grass",86,14
"25",24,"sage","chaparral",48,44,"grass","chaparral",52,30
"26",25,"chaparral","grass",64,36,"grass","chaparral",56,34
"27",26,"chaparral","grass",82,18,"grass","sage",64,20
"28",27,"sage","grass",64,36,"grass","sage",94,6
"29",28,"sage","grass",64,36,"chaparral","grass",60,40
"30",29,"mixed","mixed",50,50,"grass","chaparral",66,32
"31",30,"chaparral","grass",86,14,"chaparral","grass",82,18
"32",31,"chaparral","grass",82,18,"grass","chaparral",70,30
"33",32,"chaparral","grass",90,10,"chaparral","grass",88,12
"34",33,"tree","grass",62,38,"tree","grass",80,20
"35",34,"grass","chaparral",74,26,"grass","chaparral",94,6
"36",35,"chaparral","grass",52,48,"chaparral","grass",70,30
"37",36,"chaparral","grass",94,6,"chaparral","grass",66,34
"38",37,"chaparral","grass",62,38,"chaparral","grass",84,16
"39",38,"mixed","mixed",50,50,"grass","chaparral",82,14
"40",39,"chaparral","grass",54,30,"grass","sage",90,10
"41",40,"chaparral","grass",96,4,"chaparral","grass",86,14
"42",41,"chaparral","grass",72,28,"chaparral","grass",50,32
"43",42,"tree","grass",58,42,"tree","grass",58,42
"44",43,"sage","grass",64,34,"grass","chaparral",60,38
"45",44,"chaparral","grass",76,24,"chaparral","grass",66,34
"46",45,"chaparral","grass",98,2,"chaparral","grass",76,24
"47",46,"grass","sage",52,38,"grass","sage",82,18
"48",47,"chaparral","grass",62,24,"grass","tree",78,20
"49",48,"tree","grass",52,48,"tree","grass",60,36
"50",49,"chaparral","grass",92,8,"chaparral","grass",76,20
"51",50,"chaparral","grass",96,4,"chaparral","grass",82,18
"52",51,"chaparral","grass",52,40,"chaparral","grass",52,48
"53",52,"chaparral","grass",96,4,"grass","chaparral",56,44
"54",53,"grass","tree",60,40,"tree","grass",72,28
"55",54,"chaparral","grass",94,6,"chaparral","grass",92,8
"56",55,"grass","sage",52,44,"grass","chaparral",76,22
"57",56,"chaparral","grass",90,10,"grass","sage",78,14
"58",57,"chaparral","tree",62,34,"grass","chaparral",60,28
"59",58,"chaparral","grass",98,2,"chaparral","grass",100,0
"60",59,"grass","sage",52,48,"grass","sage",68,32
"61",60,"tree","grass",88,12,"grass","chaparral",60,28
"62",61,"chaparral","grass",86,14,"chaparral","grass",80,20
"63",62,"tree","chaparral",66,18,"tree","grass",52,34
"64",63,"chaparral","grass",82,18,"chaparral","grass",70,30
"65",64,"chaparral","grass",56,44,"grass","chaparral",66,34
"66",65,"chaparral","grass",86,14,"grass","sage",56,44
"67",66,"chaparral","grass",86,14,"chaparral","grass",78,22
"68",67,"chaparral","grass",94,6,"chaparral","grass",62,38
"69",68,"chaparral","grass",96,4,"chaparral","grass",70,30
"70",69,"chaparral","grass",86,14,"chaparral","grass",98,2
"71",70,"chaparral","grass",52,48,"grass","sage",50,32
"72",71,"chaparral","grass",94,6,"chaparral","grass",100,0
"73",72,"grass","tree",86,14,"grass","tree",74,26
"74",73,"chaparral","barren",64,22,"chaparral","grass",48,34
"75",74,"chaparral","grass",96,4,"chaparral","grass",94,6
"76",75,"tree","grass",74,26,"tree","grass",68,32
"77",76,"barren","chaparral",90,10,"barren","chaparral",72,28
"78",77,"chaparral","grass",98,2,"chaparral","grass",84,16
"79",78,"chaparral","grass",82,18,"chaparral","grass",56,44
"80",79,"chaparral","grass",54,46,"grass","chaparral",76,24
"81",80,"grass","tree",64,36,"grass","sage",74,14
"82",81,"chaparral","grass",90,6,"chaparral","barren",90,8
"83",82,"sage","grass",60,22,"grass","tree",70,18
"84",83,"chaparral","grass",64,36,"grass","chaparral",62,20
"85",84,"chaparral","grass",88,12,"chaparral","grass",94,6
"86",85,"chaparral","grass",38,34,"grass","chaparral",62,38
"87",86,"chaparral","grass",84,16,"chaparral","grass",58,42
"88",87,"chaparral","grass",82,18,"chaparral","grass",70,30
"89",88,"chaparral","grass",76,24,"chaparral","grass",100,0
"90",89,"chaparral","grass",100,0,"chaparral","grass",86,14
"91",90,"chaparral","grass",78,22,"grass","sage",62,34
"92",91,"tree","grass",56,26,"chaparral","grass",50,44
"93",92,"chaparral","grass",60,40,"grass","chaparral",54,34
"94",93,"sage","grass",84,16,"grass","tree",62,22
"95",94,"chaparral","grass",82,12,"chaparral","grass",62,26
"96",95,"chaparral","grass",80,20,"chaparral","grass",80,20
"97",96,"chaparral","grass",96,4,"chaparral","grass",98,2
"98",97,"chaparral","grass",80,10,"chaparral","grass",96,2
"99",98,"grass","sage",54,46,"grass","sage",62,38
"100",99,"chaparral","grass",88,12,"chaparral","grass",92,8
"101",100,"chaparral","grass",72,28,"grass","chaparral",54,46
"102",101,"sage","grass",44,38,"grass","sage",54,28
"103",102,"chaparral","grass",88,12,"chaparral","grass",52,48
"104",103,"grass","tree",58,42,"grass","tree",88,12
"105",104,"sage","grass",80,20,"grass","sage",88,12
"106",105,"chaparral","grass",72,28,"grass","chaparral",54,46
"107",106,"tree","chaparral",62,32,"tree","grass",76,18
"108",107,"chaparral","grass",94,6,"chaparral","grass",98,2
"109",108,"chaparral","grass",100,0,"chaparral","grass",96,4
"110",109,"chaparral","grass",84,16,"chaparral","grass",56,44
"111",110,"chaparral","grass",98,2,"chaparral","grass",54,46
"112",111,"chaparral","grass",54,46,"chaparral","grass",92,8
"113",112,"chaparral","barren",68,32,"grass","chaparral",44,30
"114",113,"chaparral","grass",62,38,"chaparral","grass",62,38
"115",114,"chaparral","grass",90,10,"grass","chaparral",70,30
"116",115,"tree","grass",78,22,"tree","grass",70,30
"117",116,"mixed","mixed",50,50,"grass","tree",52,24
"118",117,"grass","sage",72,16,"grass","sage",78,18
"119",118,"chaparral","grass",62,38,"chaparral","grass",96,4
"120",119,"chaparral","grass",92,8,"grass","sage",42,34
"121",120,"grass","sage",48,32,"grass","sage",56,44
"122",121,"chaparral","grass",58,42,"grass","chaparral",82,18
"123",122,"tree","grass",70,30,"tree","grass",92,8
"124",123,"tree","grass",52,34,"mixed","mixed",50,50
"125",124,"grass","sage",60,22,"grass","sage",78,22
"126",125,"chaparral","grass",98,2,"chaparral","grass",96,4
"127",126,"tree","grass",68,32,"tree","grass",80,20
"128",127,"chaparral","grass",74,22,"grass","sage",82,14
"129",128,"chaparral","grass",98,2,"chaparral","grass",80,20
"130",129,"chaparral","grass",84,14,"chaparral","grass",70,26
"131",130,"chaparral","grass",82,18,"grass","sage",78,16
"132",131,"chaparral","sage",46,40,"chaparral","grass",70,22
"133",132,"sage","grass",54,46,"grass","sage",72,28
"134",133,"chaparral","grass",82,18,"grass","sage",78,14
"135",134,"tree","grass",86,14,"tree","grass",52,48
"136",135,"grass","chaparral",58,42,"grass","chaparral",66,34
"137",136,"chaparral","grass",84,16,"chaparral","grass",74,26
"138",137,"sage","grass",74,14,"grass","sage",74,26
"139",138,"tree","grass",50,26,"chaparral","tree",52,32
"140",139,"chaparral","grass",86,14,"chaparral","grass",90,10
"141",140,"chaparral","grass",64,36,"chaparral","grass",66,34
"142",141,"tree","grass",84,16,"tree","grass",66,34
"143",142,"sage","grass",56,38,"grass","sage",60,28
"144",143,"chaparral","grass",80,20,"chaparral","grass",84,16
"145",144,"chaparral","grass",98,2,"chaparral","grass",86,14
"146",145,"chaparral","grass",60,22,"mixed","mixed",38,38
"147",146,"chaparral","grass",94,6,"grass","chaparral",68,32
"148",147,"grass","sage",52,48,"grass","chaparral",88,12
"149",148,"chaparral","grass",76,24,"grass","chaparral",42,32
"150",149,"sage","chaparral",50,42,"chaparral","grass",48,44
"151",150,"chaparral","grass",62,38,"grass","chaparral",70,28
"152",151,"sage","grass",60,40,"grass","sage",76,24
"153",152,"chaparral","grass",94,6,"grass","chaparral",84,16
"154",153,"tree","grass",100,0,"tree","grass",84,16
"155",154,"chaparral","grass",82,18,"grass","sage",74,22
"156",155,"chaparral","grass",92,8,"chaparral","grass",96,4
"157",156,"sage","grass",60,36,"sage","chaparral",50,30
"158",157,"chaparral","grass",94,6,"chaparral","grass",80,20
"159",158,"chaparral","grass",92,8,"chaparral","grass",62,38
"160",159,"chaparral","grass",86,14,"grass","sage",70,24
"161",160,"chaparral","grass",90,6,"chaparral","grass",82,18
"162",161,"tree","grass",58,42,"tree","grass",84,16
"163",162,"sage","grass",64,14,"chaparral","grass",70,18
"164",163,"chaparral","sage",52,26,"chaparral","grass",72,28
"165",164,"chaparral","grass",64,36,"chaparral","grass",74,26
"166",165,"chaparral","grass",58,22,"grass","chaparral",64,36
"167",166,"chaparral","grass",76,24,"grass","sage",60,30
"168",167,"chaparral","grass",90,10,"chaparral","grass",76,24
"169",168,"tree","grass",84,16,"tree","grass",80,20
"170",169,"grass","sage",68,32,"grass","sage",94,6
"171",170,"chaparral","grass",92,8,"chaparral","grass",80,20
"172",171,"chaparral","grass",74,26,"mixed","mixed",50,50
"173",172,"tree","grass",68,32,"tree","grass",70,30
"174",173,"sage","grass",80,20,"grass","sage",76,14
"175",174,"chaparral","grass",68,32,"chaparral","grass",74,26
"176",175,"chaparral","grass",86,14,"chaparral","grass",64,36
"177",176,"grass","chaparral",46,42,"sage","grass",44,36
"178",177,"chaparral","grass",98,2,"grass","sage",72,28
"179",178,"mixed","mixed",50,50,"grass","sage",70,30
"180",179,"barren","chaparral",62,38,"chaparral","grass",48,32
"181",180,"chaparral","grass",66,22,"chaparral","grass",52,42
"182",181,"tree","grass",64,36,"tree","grass",60,40
"183",182,"grass","chaparral",58,42,"grass","chaparral",80,14
"184",183,"chaparral","grass",88,12,"chaparral","grass",98,2
"185",184,"chaparral","grass",82,18,"chaparral","grass",78,22
"186",185,"chaparral","grass",56,44,"chaparral","grass",78,22
"187",186,"chaparral","grass",58,42,"grass","sage",60,36
"188",187,"chaparral","grass",98,2,"chaparral","grass",86,14
"189",188,"sage","grass",62,38,"grass","sage",60,22
"190",189,"grass","tree",56,44,"grass","chaparral",84,14
"191",190,"grass","chaparral",60,40,"grass","sage",76,16
"192",191,"chaparral","grass",88,12,"chaparral","grass",88,12
"193",192,"chaparral","grass",90,10,"mixed","mixed",50,50
"194",193,"grass","sage",66,32,"grass","sage",68,28
"195",194,"chaparral","sage",54,38,"sage","grass",46,42
"196",195,"grass","chaparral",64,36,"grass","chaparral",48,28
"197",196,"chaparral","grass",52,44,"grass","chaparral",70,24
"198",197,"chaparral","grass",64,36,"chaparral","grass",94,6
"199",198,"chaparral","grass",74,26,"grass","sage",86,14
"200",199,"chaparral","grass",54,46,"chaparral","grass",66,34
"201",200,"chaparral","barren",48,42,"chaparral","grass",58,22
"202",201,"chaparral","grass",90,10,"chaparral","grass",84,16
"203",202,"sage","tree",52,30,"chaparral","grass",52,34
"204",203,"mixed","mixed",50,50,"grass","sage",68,32
"205",204,"tree","grass",86,14,"tree","grass",96,4
"206",205,"grass","sage",68,30,"grass","sage",90,10
"207",206,"grass","sage",66,34,"grass","sage",84,14
"208",207,"chaparral","grass",54,40,"chaparral","grass",46,42
"209",208,"chaparral","grass",86,14,"grass","chaparral",54,42
"210",209,"grass","sage",54,46,"grass","chaparral",54,30
"211",210,"chaparral","grass",94,6,"chaparral","grass",52,46
"212",211,"chaparral","grass",84,16,"chaparral","grass",66,34
"213",212,"chaparral","grass",72,28,"grass","chaparral",66,34
"214",213,"chaparral","grass",92,8,"chaparral","grass",52,48
"215",214,"chaparral","grass",80,20,"grass","sage",78,16
"216",215,"chaparral","grass",88,12,"chaparral","grass",100,0
"217",216,"sage","tree",48,28,"grass","sage",58,26
"218",217,"barren","chaparral",46,44,"chaparral","grass",42,40
"219",218,"chaparral","grass",98,2,"chaparral","grass",92,8
"220",219,"sage","chaparral",48,42,"grass","sage",82,16
"221",220,"chaparral","sage",60,26,"grass","chaparral",60,32
"222",221,"chaparral","grass",52,26,"grass","chaparral",72,16
"223",222,"chaparral","grass",48,28,"grass","chaparral",56,42
"224",223,"chaparral","grass",94,6,"chaparral","grass",86,14
"225",224,"chaparral","grass",46,44,"chaparral","grass",90,10
"226",225,"chaparral","sage",56,38,"chaparral","grass",58,36
"227",226,"sage","grass",80,20,"grass","sage",92,8
"228",227,"chaparral","barren",60,26,"chaparral","barren",72,18
"229",228,"chaparral","grass",84,16,"chaparral","grass",70,30
"230",229,"grass","sage",62,38,"grass","sage",50,42
"231",230,"grass","chaparral",36,34,"grass","sage",68,26
"232",231,"sage","chaparral",80,16,"grass","chaparral",72,16
"233",232,"chaparral","grass",88,12,"chaparral","grass",98,2
"234",233,"grass","chaparral",82,18,"grass","chaparral",64,36
"235",234,"chaparral","grass",52,48,"grass","chaparral",52,48
"236",235,"chaparral","sage",72,24,"grass","sage",74,18
"237",236,"grass","chaparral",56,44,"chaparral","grass",46,38
"238",237,"sage","grass",84,16,"grass","sage",82,18
"239",238,"tree","chaparral",66,24,"chaparral","tree",60,32
"240",239,"chaparral","grass",82,18,"chaparral","grass",72,28
"241",240,"grass","sage",56,44,"grass","sage",72,26
"242",241,"chaparral","sage",56,38,"chaparral","grass",62,38
"243",242,"tree","chaparral",62,36,"mixed","mixed",38,38
"244",243,"sage","grass",56,26,"grass","chaparral",62,38
"245",244,"grass","sage",46,30,"grass","chaparral",72,16
"246",245,"grass","sage",48,32,"grass","chaparral",70,28
"247",246,"chaparral","grass",74,26,"chaparral","grass",78,22
"248",247,"chaparral","grass",86,14,"grass","sage",54,30
"249",248,"chaparral","grass",90,10,"chaparral","grass",58,42
"250",249,"chaparral","grass",86,14,"chaparral","grass",98,2
"251",250,"chaparral","tree",44,34,"grass","tree",42,32
"252",251,"chaparral","grass",56,44,"chaparral","grass",80,20
"253",252,"chaparral","grass",56,44,"chaparral","grass",88,12
"254",253,"sage","grass",66,34,"grass","sage",94,6
"255",254,"chaparral","grass",88,12,"grass","chaparral",66,30
"256",255,"grass","sage",62,22,"grass","chaparral",50,28
"257",256,"chaparral","grass",92,8,"grass","chaparral",86,10
"258",257,"barren","chaparral",40,38,"grass","sage",54,30
"259",258,"tree","grass",44,28,"grass","tree",60,30
"260",259,"sage","grass",70,30,"grass","sage",56,44
"261",260,"chaparral","sage",58,28,"grass","chaparral",56,32
"262",261,"grass","sage",48,38,"grass","chaparral",66,24
"263",262,"chaparral","grass",62,22,"grass","chaparral",58,32
"264",263,"chaparral","tree",76,14,"grass","sage",74,18
"265",264,"chaparral","tree",46,44,"grass","tree",68,32
"266",265,"sage","grass",78,14,"grass","sage",44,36
"267",266,"chaparral","grass",42,38,"grass","chaparral",56,34
"268",267,"mixed","mixed",50,50,"chaparral","grass",46,36
"269",268,"chaparral","sage",74,16,"grass","sage",88,12
"270",269,"chaparral","barren",94,4,"chaparral","barren",92,6
"271",270,"sage","chaparral",70,16,"grass","sage",70,24
"272",271,"grass","sage",60,24,"grass","chaparral",82,14
"273",272,"chaparral","grass",88,12,"grass","chaparral",82,12
"274",273,"grass","sage",52,44,"grass","chaparral",82,10
"275",274,"chaparral","grass",58,42,"chaparral","grass",50,44
"276",275,"chaparral","grass",92,8,"chaparral","grass",86,14
"277",276,"chaparral","barren",96,4,"grass","chaparral",52,34
"278",277,"chaparral","grass",54,36,"grass","sage",50,44
"279",278,"chaparral","grass",98,2,"chaparral","grass",70,30
"280",279,"chaparral","barren",84,12,"mixed","mixed",46,46
"281",280,"chaparral","grass",70,22,"grass","chaparral",74,22
"282",281,"chaparral","grass",72,28,"chaparral","grass",88,12
"283",282,"chaparral","grass",92,8,"chaparral","grass",62,38
"284",283,"grass","chaparral",78,22,"grass","chaparral",62,32
"285",284,"barren","chaparral",50,28,"barren","chaparral",64,20
"286",285,"chaparral","grass",82,18,"chaparral","grass",82,18
"287",286,"grass","chaparral",58,42,"grass","chaparral",60,40
"288",287,"chaparral","grass",92,8,"chaparral","grass",76,24
"289",288,"chaparral","grass",80,20,"chaparral","grass",66,34
"290",289,"chaparral","grass",86,14,"grass","chaparral",82,18
"291",290,"tree","grass",64,36,"tree","grass",84,16
"292",291,"grass","chaparral",44,30,"sage","grass",50,48
"293",292,"grass","sage",58,42,"grass","sage",70,20
"294",293,"chaparral","grass",66,28,"chaparral","grass",72,26
"295",294,"grass","chaparral",60,38,"grass","chaparral",60,38
"296",295,"tree","grass",60,40,"tree","grass",86,14
"297",296,"chaparral","grass",60,40,"grass","chaparral",56,44
"298",297,"chaparral","grass",88,12,"chaparral","grass",100,0
"299",298,"sage","grass",50,28,"grass","sage",52,28
"300",299,"chaparral","grass",78,22,"grass","chaparral",70,20
"301",300,"chaparral","grass",98,2,"chaparral","grass",86,14
"302",301,"chaparral","grass",68,32,"chaparral","grass",66,34
"303",302,"sage","tree",40,28,"grass","tree",70,22
"304",303,"grass","chaparral",60,40,"grass","chaparral",84,14
"305",304,"chaparral","grass",98,2,"grass","chaparral",64,36
"306",305,"sage","grass",66,34,"grass","sage",96,4
"307",306,"chaparral","grass",44,28,"grass","sage",70,18
"308",307,"chaparral","grass",76,24,"grass","chaparral",70,30
"309",308,"tree","grass",58,42,"grass","tree",56,44
"310",309,"chaparral","grass",44,36,"barren","grass",66,26
"311",310,"sage","chaparral",56,24,"grass","sage",88,8
"312",311,"chaparral","grass",64,34,"chaparral","grass",54,46
"313",312,"chaparral","grass",82,18,"grass","sage",60,34
"314",313,"chaparral","sage",60,32,"chaparral","grass",68,28
"315",314,"sage","grass",48,36,"grass","chaparral",76,12
"316",315,"chaparral","grass",62,20,"grass","chaparral",62,26
"317",316,"grass","sage",52,46,"grass","chaparral",80,20
"318",317,"chaparral","grass",88,12,"chaparral","grass",74,26
"319",318,"sage","grass",54,18,"grass","sage",86,10
"320",319,"chaparral","grass",86,12,"grass","sage",72,24
"321",320,"chaparral","barren",54,36,"chaparral","grass",50,26
"322",321,"chaparral","grass",92,8,"chaparral","grass",80,20
"323",322,"chaparral","grass",52,48,"sage","grass",62,28
"324",323,"tree","grass",66,34,"tree","grass",88,12
"325",324,"mixed","mixed",50,50,"tree","grass",64,36
"326",325,"chaparral","grass",84,16,"grass","chaparral",52,48
"327",326,"sage","tree",50,36,"grass","tree",54,46
"328",327,"chaparral","grass",90,10,"grass","chaparral",72,16
"329",328,"chaparral","grass",80,18,"chaparral","grass",58,42
"330",329,"chaparral","grass",74,26,"grass","chaparral",76,16
"331",330,"chaparral","grass",66,34,"grass","sage",64,24
"332",331,"chaparral","barren",76,24,"chaparral","barren",50,36
"333",332,"tree","grass",90,10,"tree","grass",76,24
"334",333,"chaparral","grass",58,42,"grass","chaparral",88,8
"335",334,"chaparral","barren",56,44,"chaparral","barren",58,24
"336",335,"sage","grass",60,38,"grass","sage",60,24
"337",336,"chaparral","grass",44,36,"grass","chaparral",66,34
"338",337,"tree","grass",72,28,"grass","tree",54,46
"339",338,"sage","grass",66,34,"grass","tree",100,0
"340",339,"chaparral","grass",96,4,"sage","chaparral",42,34
"341",340,"chaparral","grass",86,14,"chaparral","grass",74,26
"342",341,"chaparral","grass",92,8,"chaparral","grass",74,26
"343",342,"grass","sage",54,46,"sage","grass",58,34
"344",343,"grass","chaparral",66,34,"grass","chaparral",62,34
"345",344,"chaparral","grass",82,18,"chaparral","grass",52,48
"346",345,"mixed","mixed",50,50,"chaparral","grass",76,22
"347",346,"sage","grass",46,36,"sage","grass",66,32
"348",347,"grass","sage",56,44,"grass","sage",90,10
"349",348,"chaparral","grass",94,6,"chaparral","grass",100,0
"350",349,"tree","grass",82,18,"tree","grass",64,32
"351",350,"sage","grass",82,18,"grass","sage",94,6
"352",351,"grass","chaparral",58,42,"grass","chaparral",52,48
"353",352,"sage","grass",48,44,"grass","sage",90,10
"354",353,"grass","chaparral",74,16,"grass","sage",68,18
"355",354,"grass","sage",52,48,"grass","chaparral",56,44
"356",355,"chaparral","barren",72,28,"chaparral","grass",80,20
"357",356,"sage","grass",54,44,"grass","sage",82,10
"358",357,"sage","grass",76,24,"grass","sage",74,18
"359",358,"chaparral","grass",68,30,"chaparral","grass",56,44
"360",359,"chaparral","grass",66,34,"grass","chaparral",56,44
"361",360,"grass","tree",58,42,"tree","grass",60,40
"362",361,"grass","sage",38,36,"chaparral","grass",48,46
"363",362,"grass","sage",58,42,"sage","grass",56,44
"364",363,"chaparral","grass",96,4,"chaparral","grass",86,14
"365",364,"chaparral","grass",52,26,"chaparral","grass",58,42
"366",365,"chaparral","tree",54,32,"chaparral","grass",46,40
"367",366,"chaparral","tree",44,38,"chaparral","tree",60,36
"368",367,"tree","grass",52,48,"tree","grass",58,42
"369",368,"sage","grass",58,42,"grass","sage",92,8
"370",369,"mixed","mixed",50,50,"chaparral","grass",70,30
"371",370,"chaparral","tree",46,30,"chaparral","sage",42,38
"372",371,"grass","chaparral",82,14,"grass","chaparral",92,6
"373",372,"sage","grass",92,8,"grass","sage",68,32
"374",373,"chaparral","grass",78,20,"chaparral","grass",76,22
"375",374,"chaparral","grass",50,30,"chaparral","grass",56,34
"376",375,"chaparral","grass",78,22,"chaparral","grass",76,24
"377",376,"sage","grass",82,18,"sage","grass",56,40
"378",377,"chaparral","grass",84,16,"chaparral","grass",66,34
"379",378,"tree","grass",72,28,"grass","tree",56,44
"380",379,"sage","grass",58,30,"grass","sage",46,40
"381",380,"chaparral","grass",70,30,"grass","sage",70,16
"382",381,"grass","chaparral",66,18,"grass","chaparral",64,24
"383",382,"sage","grass",50,46,"grass","chaparral",62,20
"384",383,"chaparral","grass",58,42,"chaparral","grass",62,38
"385",384,"chaparral","tree",40,38,"tree","grass",86,10
"386",385,"grass","tree",52,48,"tree","grass",80,20
"387",386,"chaparral","grass",88,12,"chaparral","grass",74,26
"388",387,"chaparral","grass",38,36,"chaparral","grass",72,20
"389",388,"chaparral","grass",54,46,"chaparral","grass",58,42
"390",389,"chaparral","grass",74,26,"chaparral","grass",88,12
"391",390,"chaparral","grass",80,20,"chaparral","grass",74,26
"392",391,"chaparral","grass",88,12,"chaparral","grass",54,46
"393",392,"chaparral","grass",92,8,"chaparral","grass",82,18
"394",393,"chaparral","grass",94,6,"grass","chaparral",56,44
"395",394,"chaparral","grass",82,18,"chaparral","grass",78,22
"396",395,"sage","chaparral",78,18,"grass","chaparral",70,18
"397",396,"chaparral","grass",100,0,"chaparral","grass",100,0
"398",397,"chaparral","barren",82,18,"chaparral","grass",92,4
"399",398,"chaparral","grass",72,28,"grass","sage",68,28
"400",399,"chaparral","tree",70,18,"sage","grass",56,38
"401",400,"chaparral","grass",64,36,"chaparral","grass",80,20
"402",401,"grass","sage",52,36,"grass","chaparral",60,20
"403",402,"chaparral","grass",92,8,"grass","sage",58,42
"404",403,"grass","chaparral",44,36,"grass","chaparral",74,20
"405",404,"chaparral","grass",84,16,"chaparral","grass",64,36
"406",405,"chaparral","grass",56,44,"chaparral","grass",76,24
"407",406,"chaparral","grass",84,16,"grass","chaparral",64,28
"408",407,"grass","chaparral",56,36,"grass","chaparral",66,30
"409",408,"sage","grass",60,40,"grass","sage",88,10
"410",409,"grass","chaparral",38,36,"grass","chaparral",66,34
"411",410,"tree","grass",66,34,"tree","grass",56,44
"412",411,"sage","grass",70,30,"grass","sage",84,12
"413",412,"grass","chaparral",56,40,"grass","sage",92,6
"414",413,"chaparral","grass",74,26,"grass","chaparral",54,46
"415",414,"grass","chaparral",50,38,"grass","chaparral",62,30
"416",415,"chaparral","grass",66,26,"chaparral","grass",80,20
"417",416,"tree","grass",58,42,"grass","tree",62,38
"418",417,"grass","chaparral",58,38,"grass","chaparral",58,42
"419",418,"grass","sage",72,28,"grass","sage",94,6
"420",419,"chaparral","grass",88,12,"grass","chaparral",52,48
"421",420,"chaparral","grass",62,38,"chaparral","grass",76,24
"422",421,"chaparral","grass",88,12,"grass","chaparral",68,32
"423",422,"chaparral","grass",76,24,"chaparral","grass",76,24
"424",423,"grass","chaparral",72,26,"chaparral","grass",78,22
"425",424,"chaparral","grass",96,4,"chaparral","grass",92,8
"426",425,"chaparral","grass",82,18,"chaparral","grass",62,38
"427",426,"chaparral","grass",82,18,"chaparral","grass",94,6
"428",427,"grass","sage",58,42,"grass","tree",100,0
"429",428,"chaparral","grass",98,2,"chaparral","grass",78,22
"430",429,"chaparral","grass",90,10,"chaparral","grass",76,20
"431",430,"grass","tree",64,36,"grass","sage",76,18
"432",431,"sage","chaparral",86,10,"chaparral","grass",68,30
"433",432,"tree","grass",60,40,"tree","grass",76,24
"434",433,"tree","grass",56,24,"tree","grass",60,40
"435",434,"grass","tree",66,34,"tree","grass",56,44
"436",435,"sage","grass",74,26,"grass","sage",96,4
"437",436,"chaparral","grass",82,18,"chaparral","grass",62,38
"438",437,"chaparral","grass",86,14,"chaparral","grass",66,34
"439",438,"grass","chaparral",58,30,"grass","chaparral",68,16
"440",439,"chaparral","grass",94,6,"chaparral","grass",86,14
"441",440,"chaparral","grass",52,48,"grass","chaparral",60,30
"442",441,"chaparral","grass",78,22,"chaparral","grass",76,24
"443",442,"chaparral","grass",52,48,"grass","chaparral",64,36
"444",443,"sage","grass",58,36,"grass","sage",68,26
"445",444,"chaparral","barren",82,12,"chaparral","barren",86,10
"446",445,"tree","grass",92,8,"grass","chaparral",56,40
"447",446,"grass","sage",52,44,"grass","chaparral",72,18
"448",447,"chaparral","grass",76,24,"chaparral","grass",76,22
"449",448,"grass","sage",44,32,"sage","grass",58,42
"450",449,"chaparral","grass",70,30,"chaparral","grass",56,44
"451",450,"sage","grass",80,20,"grass","sage",94,4
"452",451,"grass","chaparral",86,12,"grass","sage",74,16
"453",452,"chaparral","grass",66,34,"grass","sage",90,8
"454",453,"sage","chaparral",48,32,"grass","sage",96,4
"455",454,"grass","sage",72,26,"grass","sage",60,24
"456",455,"chaparral","grass",78,22,"chaparral","grass",90,10
"457",456,"chaparral","grass",94,6,"chaparral","grass",76,24
"458",457,"chaparral","grass",78,22,"chaparral","grass",70,30
"459",458,"chaparral","tree",66,30,"sage","grass",50,38
"460",459,"chaparral","grass",88,12,"grass","chaparral",54,32
"461",460,"chaparral","grass",66,32,"chaparral","grass",56,34
"462",461,"grass","sage",60,40,"chaparral","grass",56,40
"463",462,"grass","sage",56,32,"grass","sage",80,16
"464",463,"grass","tree",56,24,"grass","sage",74,12
"465",464,"sage","grass",56,42,"grass","sage",76,12
"466",465,"chaparral","grass",42,38,"grass","chaparral",50,34
"467",466,"chaparral","grass",82,12,"chaparral","tree",66,32
"468",467,"chaparral","grass",88,6,"grass","tree",92,8
"469",468,"grass","sage",44,38,"grass","tree",82,14
"470",469,"chaparral","grass",90,10,"sage","grass",72,28
"471",470,"chaparral","tree",70,24,"grass","tree",72,28
"472",471,"chaparral","grass",92,8,"chaparral","grass",74,26
"473",472,"grass","sage",62,38,"grass","sage",74,26
"474",473,"chaparral","grass",92,8,"chaparral","grass",86,14
"475",474,"chaparral","grass",96,4,"chaparral","grass",94,6
"476",475,"grass","sage",52,38,"grass","sage",50,34
"477",476,"chaparral","sage",82,10,"chaparral","grass",94,6
"478",477,"chaparral","grass",98,2,"tree","grass",70,30
"479",478,"chaparral","grass",76,24,"grass","chaparral",46,34
"480",479,"chaparral","grass",96,4,"chaparral","grass",62,30
"481",480,"sage","grass",76,24,"sage","grass",66,34
"482",481,"sage","tree",80,12,"grass","sage",62,34
"483",482,"chaparral","grass",74,26,"grass","chaparral",52,30
"484",483,"tree","grass",54,32,"grass","chaparral",54,42
"485",484,"chaparral","grass",88,6,"chaparral","grass",74,18
"486",485,"sage","grass",64,30,"grass","tree",62,24
"487",486,"chaparral","grass",90,10,"grass","sage",62,24
"488",487,"chaparral","grass",54,44,"chaparral","grass",68,32
"489",488,"chaparral","sage",62,32,"sage","grass",74,24
"490",489,"tree","grass",82,18,"tree","grass",82,16
"491",490,"chaparral","grass",78,22,"grass","chaparral",44,36
"492",491,"tree","chaparral",70,20,"mixed","mixed",38,38
"493",492,"chaparral","barren",50,42,"chaparral","grass",56,22
"494",493,"sage","grass",48,26,"grass","sage",64,36
"495",494,"grass","chaparral",50,36,"grass","chaparral",66,28
"496",495,"sage","grass",64,26,"grass","tree",54,28
"497",496,"grass","chaparral",68,20,"grass","chaparral",54,42
"498",497,"chaparral","grass",72,28,"chaparral","grass",70,26
"499",498,"tree","grass",38,34,"grass","tree",50,36
"500",499,"chaparral","tree",54,40,"tree","chaparral",46,44
"501",500,"chaparral","grass",92,8,"chaparral","grass",76,22
"502",501,"chaparral","grass",82,18,"mixed","mixed",50,50
"503",502,"chaparral","grass",84,16,"grass","sage",58,28
"504",503,"sage","chaparral",64,26,"chaparral","grass",40,34
"505",504,"tree","grass",82,18,"tree","grass",94,6
"506",505,"sage","chaparral",66,18,"grass","chaparral",52,32
"507",506,"chaparral","grass",74,26,"grass","sage",40,34
"508",507,"chaparral","grass",94,6,"grass","chaparral",64,36
"509",508,"chaparral","grass",92,8,"chaparral","grass",96,4
"510",509,"chaparral","grass",78,22,"chaparral","grass",82,18
"511",510,"sage","chaparral",46,28,"grass","chaparral",52,26
"512",511,"sage","grass",74,24,"chaparral","grass",72,28
"513",512,"chaparral","tree",58,32,"grass","chaparral",50,48
"514",513,"tree","grass",52,48,"grass","chaparral",68,18
"515",514,"sage","grass",80,20,"grass","sage",96,4
"516",515,"tree","grass",66,28,"grass","tree",64,22
"517",516,"tree","grass",78,22,"tree","grass",56,44
"518",517,"chaparral","grass",80,20,"chaparral","grass",86,14
"519",518,"chaparral","grass",100,0,"chaparral","grass",88,12
"520",519,"sage","grass",78,16,"grass","sage",86,14
"521",520,"chaparral","grass",62,20,"chaparral","grass",60,28
"522",521,"sage","grass",78,22,"grass","sage",90,8
"523",522,"chaparral","grass",76,24,"grass","chaparral",86,10
"524",523,"chaparral","grass",90,10,"chaparral","grass",78,22
"525",524,"chaparral","sage",50,36,"sage","grass",64,28
"526",525,"chaparral","grass",78,22,"chaparral","grass",74,26
"527",526,"chaparral","grass",78,16,"grass","chaparral",46,42
"528",527,"chaparral","grass",84,14,"grass","chaparral",54,42
"529",528,"chaparral","grass",54,46,"grass","chaparral",48,34
"530",529,"chaparral","grass",78,22,"grass","chaparral",54,42
"531",530,"chaparral","grass",92,8,"chaparral","grass",88,12
"532",531,"chaparral","grass",62,38,"grass","chaparral",80,10
"533",532,"sage","grass",64,36,"grass","sage",62,28
"534",533,"mixed","mixed",50,50,"tree","grass",78,22
"535",534,"chaparral","grass",72,28,"grass","chaparral",58,42
"536",535,"chaparral","grass",94,6,"chaparral","tree",62,22
"537",536,"chaparral","grass",62,22,"grass","sage",62,22
"538",537,"grass","chaparral",50,28,"grass","chaparral",74,20
"539",538,"sage","grass",54,46,"grass","sage",78,20
"540",539,"chaparral","sage",38,36,"sage","grass",68,32
"541",540,"chaparral","sage",42,36,"grass","sage",86,14
"542",541,"chaparral","grass",42,30,"grass","sage",64,20
"543",542,"grass","tree",88,12,"grass","tree",52,28
"544",543,"chaparral","grass",84,16,"chaparral","tree",80,20
"545",544,"chaparral","grass",54,34,"grass","tree",84,16
"546",545,"chaparral","grass",62,22,"grass","chaparral",50,26
"547",546,"chaparral","grass",46,38,"grass","chaparral",58,24
"548",547,"chaparral","grass",70,24,"grass","chaparral",54,30
"549",548,"chaparral","grass",90,10,"grass","chaparral",64,18
"550",549,"chaparral","tree",64,26,"grass","chaparral",58,20
"551",550,"chaparral","grass",80,20,"chaparral","grass",86,14
"552",551,"sage","tree",60,22,"grass","tree",40,34
"553",552,"chaparral","tree",50,38,"chaparral","tree",56,36
"554",553,"mixed","mixed",44,44,"grass","sage",64,30
"555",554,"chaparral","grass",78,18,"chaparral","grass",66,34
"556",555,"chaparral","grass",66,34,"grass","chaparral",68,30
"557",556,"sage","grass",60,32,"sage","grass",52,42
"558",557,"chaparral","grass",88,12,"chaparral","grass",96,4
"559",558,"chaparral","grass",66,34,"chaparral","grass",52,46
"560",559,"chaparral","grass",64,36,"grass","chaparral",68,18
"561",560,"chaparral","grass",98,2,"chaparral","grass",84,16
"562",561,"chaparral","grass",90,10,"chaparral","grass",62,38
"563",562,"chaparral","grass",98,2,"chaparral","grass",86,14
"564",563,"chaparral","grass",78,22,"chaparral","grass",76,24
"565",564,"grass","sage",40,32,"grass","sage",58,30
"566",565,"sage","grass",66,32,"grass","sage",90,10
"567",566,"chaparral","grass",70,16,"chaparral","grass",66,34
"568",567,"chaparral","grass",98,2,"grass","chaparral",66,22
"569",568,"tree","grass",58,32,"grass","tree",74,16
"570",569,"chaparral","grass",86,14,"chaparral","grass",84,16
"571",570,"grass","tree",52,48,"chaparral","tree",70,24
"572",571,"sage","grass",46,44,"grass","sage",74,16
"573",572,"chaparral","grass",82,18,"chaparral","grass",84,16
"574",573,"sage","grass",72,22,"sage","grass",56,44
"575",574,"chaparral","grass",94,6,"chaparral","grass",56,38
"576",575,"sage","grass",50,32,"tree","grass",58,42
"577",576,"chaparral","grass",78,20,"tree","grass",70,26
"578",577,"chaparral","grass",56,36,"chaparral","grass",52,40
"579",578,"tree","sage",74,20,"tree","grass",84,10
"580",579,"mixed","mixed",50,50,"grass","chaparral",76,18
"581",580,"chaparral","grass",90,10,"chaparral","grass",94,6
"582",581,"chaparral","grass",80,20,"chaparral","grass",90,10
"583",582,"tree","grass",90,10,"tree","grass",92,8
"584",583,"chaparral","grass",92,8,"chaparral","grass",100,0
"585",584,"chaparral","grass",60,26,"grass","tree",90,4
"586",585,"chaparral","grass",80,18,"grass","chaparral",64,36
"587",586,"chaparral","tree",52,30,"tree","grass",76,12
"588",587,"chaparral","grass",54,46,"chaparral","grass",62,38
"589",588,"sage","grass",60,24,"grass","sage",92,8
"590",589,"chaparral","grass",88,12,"grass","sage",66,24
"591",590,"chaparral","barren",82,10,"chaparral","barren",76,20
"592",591,"chaparral","grass",96,4,"chaparral","grass",98,2
"593",592,"tree","grass",86,14,"tree","grass",94,6
"594",593,"chaparral","grass",98,2,"chaparral","grass",94,6
"595",594,"chaparral","grass",88,12,"chaparral","grass",88,12
"596",595,"grass","sage",38,32,"grass","sage",68,22
"597",596,"chaparral","grass",50,26,"chaparral","grass",70,30
"598",597,"sage","tree",54,36,"tree","grass",50,32
"599",598,"tree","grass",92,8,"tree","grass",88,12
"600",599,"chaparral","grass",44,30,"grass","sage",86,14
"601",600,"tree","grass",100,0,"tree","grass",96,4
"602",601,"chaparral","grass",88,12,"chaparral","grass",62,38
"603",602,"chaparral","grass",92,8,"chaparral","grass",88,12
"604",603,"tree","chaparral",54,24,"tree","chaparral",66,24
"605",604,"chaparral","grass",84,16,"chaparral","grass",62,38
"606",605,"grass","chaparral",52,48,"grass","chaparral",44,36
"607",606,"chaparral","grass",96,4,"chaparral","grass",76,24
"608",607,"chaparral","grass",98,2,"chaparral","grass",74,26
"609",608,"sage","grass",40,34,"grass","sage",76,20
"610",609,"sage","chaparral",42,32,"grass","tree",100,0
"611",610,"chaparral","grass",92,6,"chaparral","grass",50,42
"612",611,"chaparral","grass",94,6,"chaparral","grass",82,18
"613",612,"chaparral","grass",60,40,"grass","chaparral",66,20
"614",613,"grass","chaparral",50,28,"grass","chaparral",54,34
"615",614,"chaparral","grass",58,42,"chaparral","grass",86,14
"616",615,"chaparral","grass",94,6,"grass","chaparral",52,48
"617",616,"sage","chaparral",86,12,"grass","sage",58,36
"618",617,"grass","tree",46,38,"tree","sage",62,22
"619",618,"chaparral","barren",60,40,"barren","chaparral",54,28
"620",619,"chaparral","grass",100,0,"chaparral","grass",94,6
"621",620,"chaparral","tree",50,30,"grass","chaparral",52,36
"622",621,"chaparral","grass",100,0,"chaparral","grass",94,6
"623",622,"chaparral","grass",86,14,"chaparral","grass",62,38
"624",623,"chaparral","grass",52,26,"grass","sage",88,12
"625",624,"tree","grass",56,44,"tree","grass",86,14
"626",625,"sage","grass",62,38,"grass","sage",72,16
"627",626,"chaparral","grass",66,34,"grass","chaparral",54,44
"628",627,"chaparral","grass",96,4,"grass","sage",70,16
"629",629,"chaparral","grass",92,8,"chaparral","grass",74,26
"630",630,"chaparral","grass",80,20,"chaparral","grass",72,28
"631",631,"mixed","mixed",46,46,"grass","chaparral",80,12
"632",632,"chaparral","grass",90,10,"chaparral","grass",82,10
"633",633,"chaparral","grass",98,2,"chaparral","grass",94,6
"634",634,"chaparral","grass",58,42,"chaparral","grass",82,18
"635",635,"chaparral","grass",90,10,"chaparral","grass",82,18
"636",636,"chaparral","grass",90,10,"chaparral","grass",86,14
"637",637,"tree","grass",74,26,"grass","tree",62,38
"638",638,"tree","chaparral",48,36,"tree","chaparral",44,30
"639",639,"tree","grass",66,34,"grass","sage",86,12
"640",640,"chaparral","grass",56,32,"grass","sage",62,34
"641",641,"chaparral","sage",50,32,"chaparral","grass",96,4
"642",642,"chaparral","grass",84,16,"chaparral","grass",66,30
"643",643,"chaparral","grass",98,2,"chaparral","grass",86,14
"644",644,"chaparral","sage",54,24,"chaparral","sage",68,18
"645",645,"chaparral","grass",84,16,"chaparral","grass",60,38
"646",646,"grass","chaparral",80,20,"grass","chaparral",86,14
"647",647,"sage","chaparral",78,20,"grass","sage",76,24
"648",648,"tree","chaparral",86,8,"tree","grass",46,32
"649",649,"sage","grass",84,10,"sage","grass",50,44
"650",650,"chaparral","grass",98,2,"chaparral","grass",96,4
"651",651,"chaparral","grass",40,38,"chaparral","grass",52,24
"652",654,"chaparral","grass",90,10,"chaparral","grass",64,36
"653",657,"chaparral","grass",100,0,"chaparral","grass",86,14
"654",661,"sage","chaparral",70,20,"grass","chaparral",68,20
"655",662,"tree","grass",70,30,"grass","tree",66,34
"656",663,"sage","chaparral",52,36,"grass","chaparral",50,42
"657",664,"chaparral","grass",56,40,"mixed","mixed",50,50
"658",665,"chaparral","grass",68,32,"chaparral","grass",90,10
"659",666,"sage","tree",56,34,"tree","grass",54,24
"660",667,"chaparral","tree",96,4,"grass","chaparral",56,44
"661",668,"chaparral","grass",96,4,"grass","sage",48,32
"662",669,"chaparral","grass",88,12,"grass","chaparral",70,30
"663",670,"chaparral","grass",80,12,"chaparral","grass",92,8
"664",671,"sage","chaparral",82,16,"chaparral","grass",48,40
"665",672,"chaparral","grass",70,30,"mixed","mixed",50,50
"666",673,"chaparral","grass",98,2,"grass","chaparral",64,36
"667",674,"sage","grass",56,24,"chaparral","grass",78,22
"668",675,"tree","chaparral",54,28,"grass","chaparral",82,12
"669",676,"chaparral","grass",90,10,"chaparral","grass",52,36
"670",677,"chaparral","grass",100,0,"chaparral","grass",100,0
"671",678,"chaparral","grass",88,12,"grass","sage",70,18
"672",679,"tree","grass",52,48,"tree","grass",74,22
"673",680,"chaparral","grass",72,28,"grass","chaparral",44,42
"674",681,"tree","sage",56,38,"grass","tree",46,32
"675",682,"tree","chaparral",68,18,"tree","grass",64,36
"676",683,"chaparral","grass",88,12,"chaparral","grass",86,14
"677",684,"chaparral","grass",88,12,"chaparral","grass",52,38
"678",685,"tree","grass",52,48,"tree","grass",88,6
"679",686,"chaparral","grass",76,24,"grass","chaparral",60,28
"680",687,"chaparral","grass",80,20,"chaparral","grass",82,18
"681",688,"tree","grass",62,38,"grass","tree",84,16
"682",689,"chaparral","grass",100,0,"chaparral","grass",68,32
"683",690,"chaparral","grass",92,8,"chaparral","grass",88,12
"684",691,"chaparral","barren",84,16,"grass","chaparral",60,20
"685",692,"chaparral","grass",100,0,"chaparral","grass",66,34
"686",693,"chaparral","tree",84,14,"chaparral","grass",86,14
"687",694,"chaparral","grass",96,4,"chaparral","grass",76,24
"688",695,"chaparral","grass",90,10,"chaparral","grass",50,40
"689",696,"chaparral","grass",92,8,"chaparral","grass",74,26
"690",697,"sage","chaparral",66,26,"sage","grass",48,36
"691",698,"sage","grass",70,14,"sage","grass",54,24
"692",699,"chaparral","tree",80,18,"sage","grass",50,40
"693",700,"grass","chaparral",56,40,"grass","chaparral",72,22
"694",701,"sage","grass",70,20,"sage","grass",56,22
"695",702,"chaparral","tree",70,24,"chaparral","tree",62,28
"696",703,"chaparral","grass",94,6,"chaparral","grass",70,28
"697",704,"chaparral","grass",98,2,"grass","chaparral",50,48
"698",705,"chaparral","grass",82,18,"grass","chaparral",54,46
"699",706,"chaparral","grass",98,2,"chaparral","grass",96,4
"700",707,"sage","grass",90,10,"grass","sage",78,22
"701",708,"chaparral","grass",92,8,"grass","chaparral",78,22
"702",709,"chaparral","grass",80,20,"chaparral","grass",44,36
"703",710,"tree","sage",54,46,"tree","sage",44,32
"704",711,"chaparral","grass",92,8,"chaparral","grass",64,36
"705",712,"chaparral","grass",100,0,"chaparral","grass",90,10
"706",713,"chaparral","grass",72,28,"sage","chaparral",40,32
"707",714,"chaparral","grass",96,4,"chaparral","grass",58,28
"708",715,"chaparral","grass",76,24,"chaparral","grass",82,16
"709",716,"chaparral","grass",98,2,"chaparral","grass",56,44
"710",717,"chaparral","grass",64,36,"chaparral","grass",74,26
"711",718,"grass","sage",72,28,"grass","sage",86,14
"712",719,"chaparral","grass",100,0,"chaparral","grass",94,6
"713",720,"grass","chaparral",64,36,"grass","chaparral",62,38
"714",721,"chaparral","grass",82,10,"chaparral","grass",54,46
"715",722,"chaparral","grass",82,18,"chaparral","grass",62,38
"716",723,"chaparral","grass",84,16,"chaparral","grass",62,38
"717",724,"chaparral","grass",82,18,"chaparral","grass",54,38
"718",725,"sage","grass",64,26,"grass","sage",48,32
"719",726,"chaparral","grass",88,12,"chaparral","grass",92,8
"720",727,"chaparral","grass",76,24,"grass","sage",98,2
"721",728,"chaparral","barren",44,40,"chaparral","barren",48,38
"722",729,"tree","sage",42,38,"tree","grass",86,14
"723",730,"chaparral","grass",74,26,"chaparral","grass",72,28
"724",731,"chaparral","grass",88,12,"grass","chaparral",84,8
"725",732,"sage","grass",82,18,"sage","grass",50,44
"726",733,"chaparral","grass",92,8,"chaparral","grass",48,46
"727",734,"chaparral","grass",100,0,"chaparral","grass",90,10
"728",735,"chaparral","grass",96,4,"chaparral","grass",94,6
"729",736,"sage","grass",66,34,"grass","sage",72,28
"730",737,"chaparral","grass",94,6,"chaparral","grass",86,14
"731",738,"chaparral","grass",44,32,"grass","chaparral",68,32
"732",739,"chaparral","grass",70,30,"chaparral","grass",68,32
"733",740,"tree","grass",84,16,"tree","grass",90,10
"734",741,"grass","sage",88,12,"grass","sage",90,10
"735",742,"chaparral","grass",90,10,"chaparral","grass",62,38
"736",743,"grass","chaparral",58,42,"grass","chaparral",58,42
"737",744,"chaparral","grass",94,6,"grass","chaparral",54,46
"738",745,"chaparral","grass",60,40,"grass","chaparral",70,28
"739",746,"chaparral","grass",94,6,"chaparral","grass",90,10
"740",747,"sage","tree",42,34,"grass","tree",62,30
"741",748,"chaparral","grass",96,4,"chaparral","grass",96,4
"742",749,"tree","grass",62,38,"tree","grass",96,4
"743",750,"chaparral","sage",40,38,"grass","chaparral",78,18
"744",751,"barren","chaparral",50,36,"barren","chaparral",68,22
"745",752,"chaparral","grass",48,38,"chaparral","grass",54,40
"746",753,"chaparral","grass",60,22,"chaparral","grass",64,24
"747",754,"chaparral","grass",60,40,"grass","chaparral",94,6
"748",755,"grass","tree",84,8,"grass","sage",70,16
"749",756,"grass","chaparral",72,16,"grass","chaparral",78,16
"750",757,"chaparral","grass",86,14,"chaparral","grass",60,40
"751",758,"grass","tree",68,32,"grass","chaparral",76,14
"752",759,"chaparral","grass",56,44,"grass","chaparral",46,32
"753",760,"chaparral","grass",100,0,"chaparral","grass",94,4
"754",761,"chaparral","grass",72,28,"chaparral","grass",84,16
"755",762,"grass","sage",42,40,"grass","sage",54,30
"756",763,"chaparral","sage",72,24,"grass","chaparral",54,34
"757",764,"mixed","mixed",36,36,"chaparral","grass",54,38
"758",765,"chaparral","grass",42,32,"grass","chaparral",50,48
"759",766,"chaparral","grass",100,0,"chaparral","grass",82,18
"760",767,"chaparral","barren",92,8,"chaparral","grass",50,44
"761",768,"chaparral","grass",82,18,"chaparral","grass",96,4
"762",769,"grass","chaparral",50,28,"grass","chaparral",52,26
"763",770,"grass","sage",66,34,"grass","sage",68,32
"764",771,"grass","sage",58,42,"grass","sage",94,6
"765",772,"chaparral","grass",66,34,"mixed","mixed",50,50
"766",773,"tree","grass",54,38,"chaparral","grass",88,12
"767",774,"tree","grass",54,46,"grass","tree",52,48
"768",775,"sage","grass",92,8,"grass","sage",52,36
"769",776,"chaparral","grass",92,8,"grass","chaparral",84,16
"770",777,"sage","tree",42,32,"grass","tree",52,48
"771",778,"chaparral","grass",74,26,"grass","chaparral",74,22
"772",779,"chaparral","grass",96,4,"chaparral","grass",90,10
"773",780,"chaparral","sage",62,20,"grass","chaparral",72,20
"774",781,"chaparral","grass",78,22,"chaparral","grass",76,24
"775",782,"chaparral","grass",84,16,"chaparral","grass",86,14
"776",783,"grass","tree",52,48,"tree","grass",76,24
"777",784,"chaparral","grass",62,28,"chaparral","grass",76,16
"778",785,"chaparral","grass",100,0,"chaparral","grass",100,0
"779",786,"sage","tree",54,26,"grass","tree",96,2
"780",787,"chaparral","grass",74,18,"grass","chaparral",70,20
"781",788,"chaparral","grass",62,38,"chaparral","grass",96,4
"782",789,"chaparral","grass",80,20,"grass","chaparral",62,38
"783",790,"chaparral","barren",46,38,"chaparral","grass",52,48
"784",791,"chaparral","grass",64,24,"grass","chaparral",52,34
"785",792,"chaparral","grass",96,4,"chaparral","grass",100,0
"786",793,"chaparral","grass",94,6,"grass","chaparral",68,32
"787",794,"chaparral","grass",94,6,"chaparral","grass",88,12
"788",795,"sage","grass",70,30,"grass","sage",94,6
"789",796,"chaparral","grass",94,6,"chaparral","grass",84,16
"790",797,"chaparral","grass",60,40,"grass","chaparral",74,26
"791",798,"chaparral","grass",86,14,"chaparral","grass",92,8
"792",799,"chaparral","grass",82,18,"chaparral","grass",80,18
"793",800,"grass","chaparral",62,22,"chaparral","grass",54,46
"794",801,"chaparral","grass",94,6,"chaparral","grass",94,6
"795",802,"chaparral","grass",100,0,"chaparral","grass",82,18
"796",803,"chaparral","grass",68,22,"chaparral","grass",70,30
"797",804,"chaparral","grass",90,10,"chaparral","grass",96,4
"798",805,"grass","sage",74,26,"grass","chaparral",96,2
"799",806,"chaparral","grass",100,0,"grass","chaparral",90,8
"800",807,"chaparral","grass",80,10,"chaparral","grass",74,26
"801",808,"chaparral","barren",86,8,"chaparral","barren",84,16
"802",809,"chaparral","grass",86,14,"chaparral","grass",76,24
"803",810,"chaparral","grass",86,14,"chaparral","grass",78,22
"804",811,"chaparral","grass",76,24,"chaparral","grass",84,16
"805",812,"chaparral","grass",84,16,"chaparral","grass",100,0
"806",813,"chaparral","grass",82,18,"grass","chaparral",62,38
"807",814,"chaparral","grass",90,10,"chaparral","grass",98,2
"808",815,"chaparral","grass",100,0,"chaparral","grass",92,8
"809",816,"chaparral","grass",54,46,"grass","chaparral",78,22
"810",817,"chaparral","grass",94,6,"chaparral","grass",94,6
"811",818,"chaparral","grass",52,48,"chaparral","grass",60,40
"812",819,"chaparral","grass",68,32,"chaparral","grass",74,26
"813",820,"grass","sage",64,30,"grass","sage",70,24
"814",821,"chaparral","grass",86,14,"chaparral","grass",62,38
"815",822,"grass","sage",64,36,"grass","sage",88,8
"816",823,"chaparral","grass",66,34,"chaparral","grass",56,44
"817",824,"chaparral","grass",70,30,"grass","chaparral",60,40
"818",825,"grass","sage",62,36,"grass","chaparral",64,22
"819",826,"chaparral","grass",70,30,"grass","chaparral",80,12
"820",827,"chaparral","grass",88,12,"chaparral","grass",72,28
"821",828,"chaparral","grass",100,0,"grass","chaparral",58,42
"822",829,"chaparral","grass",64,36,"chaparral","grass",64,30
"823",830,"grass","chaparral",58,42,"grass","chaparral",58,42
"824",831,"grass","sage",60,32,"grass","chaparral",84,16
"825",832,"chaparral","grass",62,38,"grass","chaparral",72,28
"826",833,"chaparral","grass",82,18,"chaparral","grass",72,28
"827",834,"chaparral","grass",88,12,"chaparral","grass",54,46
"828",835,"chaparral","grass",48,44,"grass","chaparral",72,28
"829",836,"chaparral","grass",90,10,"chaparral","grass",98,2
"830",837,"chaparral","grass",92,8,"chaparral","grass",80,20
"831",838,"sage","chaparral",38,32,"chaparral","grass",54,46
"832",839,"chaparral","grass",62,22,"chaparral","grass",70,20
"833",840,"chaparral","grass",84,8,"chaparral","grass",84,16
"834",841,"chaparral","grass",96,4,"chaparral","grass",94,6
"835",842,"chaparral","grass",94,6,"chaparral","grass",94,6
"836",843,"tree","grass",52,24,"grass","chaparral",86,10
"837",844,"chaparral","grass",96,4,"chaparral","grass",100,0
"838",845,"chaparral","grass",86,14,"chaparral","grass",72,28
"839",846,"grass","tree",46,34,"tree","grass",56,44
"840",847,"chaparral","grass",92,8,"chaparral","grass",62,38
"841",848,"chaparral","grass",96,4,"chaparral","grass",78,22
"842",849,"chaparral","grass",84,16,"chaparral","grass",74,26
"843",850,"chaparral","grass",58,28,"grass","chaparral",74,24
"844",851,"grass","chaparral",70,30,"grass","chaparral",82,18
"845",852,"chaparral","grass",98,2,"chaparral","grass",84,16
"846",853,"chaparral","barren",66,24,"barren","grass",38,32
"847",854,"chaparral","grass",84,16,"grass","chaparral",52,48
"848",855,"chaparral","grass",82,18,"grass","sage",86,12
"849",856,"chaparral","grass",86,14,"grass","chaparral",68,32
"850",857,"chaparral","grass",96,4,"chaparral","grass",66,34
"851",858,"tree","grass",68,32,"grass","chaparral",56,44
"852",859,"chaparral","grass",94,6,"chaparral","grass",74,26
"853",860,"sage","grass",36,32,"grass","sage",50,30
"854",861,"chaparral","grass",86,14,"grass","chaparral",66,34
"855",862,"chaparral","grass",80,20,"grass","chaparral",56,44
"856",863,"chaparral","grass",50,44,"mixed","mixed",50,50
"857",864,"chaparral","grass",68,32,"chaparral","grass",72,28
"858",865,"chaparral","grass",68,28,"mixed","mixed",50,50
"859",866,"grass","chaparral",70,30,"chaparral","grass",54,46
"860",867,"mixed","mixed",36,36,"grass","tree",74,26
"861",868,"sage","grass",74,22,"grass","chaparral",62,20
"862",869,"chaparral","grass",100,0,"chaparral","grass",96,4
"863",870,"chaparral","grass",84,16,"chaparral","grass",50,48
"864",871,"chaparral","grass",64,36,"grass","chaparral",64,36
"865",872,"grass","sage",68,32,"grass","sage",84,16
"866",873,"grass","chaparral",68,32,"grass","chaparral",52,48
"867",874,"chaparral","grass",56,44,"grass","chaparral",76,12
"868",875,"chaparral","grass",52,48,"grass","chaparral",82,18
"869",876,"chaparral","grass",64,36,"grass","chaparral",72,28
"870",877,"chaparral","grass",88,12,"chaparral","grass",52,48
"871",878,"chaparral","grass",88,12,"chaparral","grass",88,12
"872",879,"grass","chaparral",62,38,"grass","chaparral",84,16
"873",880,"grass","tree",76,24,"grass","tree",92,8
"874",881,"chaparral","grass",84,16,"grass","chaparral",58,42
"875",882,"chaparral","grass",100,0,"chaparral","grass",92,8
"876",883,"chaparral","grass",90,8,"chaparral","barren",78,12
"877",884,"chaparral","grass",96,4,"chaparral","grass",94,6
"878",885,"sage","grass",76,24,"sage","grass",74,26
"879",886,"sage","grass",86,14,"grass","sage",86,14
"880",887,"grass","sage",50,30,"grass","chaparral",82,18
"881",888,"chaparral","grass",66,34,"chaparral","grass",56,44
"882",889,"chaparral","grass",92,8,"chaparral","grass",96,4
"883",890,"chaparral","grass",52,48,"grass","chaparral",72,28
"884",891,"sage","grass",80,12,"grass","sage",78,14
"885",892,"grass","chaparral",52,48,"grass","sage",82,12
"886",893,"chaparral","grass",80,20,"grass","chaparral",58,42
"887",894,"grass","sage",62,30,"grass","chaparral",96,2
"888",895,"chaparral","grass",72,28,"grass","chaparral",80,18
"889",896,"chaparral","grass",94,6,"grass","chaparral",64,36
"890",897,"chaparral","grass",90,10,"mixed","mixed",50,50
"891",898,"chaparral","grass",96,4,"grass","chaparral",88,12
"892",899,"tree","grass",68,32,"tree","grass",82,18
"893",900,"grass","sage",60,22,"grass","chaparral",70,26
"894",901,"chaparral","grass",98,2,"grass","chaparral",92,8
"895",902,"grass","sage",66,24,"grass","chaparral",84,10
"896",903,"grass","sage",74,26,"grass","sage",92,6
"897",904,"chaparral","grass",94,6,"chaparral","grass",94,6
"898",905,"chaparral","grass",72,28,"grass","chaparral",80,20
"899",906,"chaparral","grass",94,6,"chaparral","grass",98,2
"900",907,"chaparral","grass",72,28,"chaparral","grass",96,4
"901",908,"chaparral","grass",78,22,"grass","chaparral",66,34
"902",909,"sage","tree",44,30,"grass","tree",92,6
"903",910,"chaparral","grass",60,40,"chaparral","grass",74,26
"904",911,"grass","tree",58,42,"tree","grass",60,40
"905",912,"sage","grass",62,26,"grass","chaparral",90,6
"906",913,"chaparral","grass",86,14,"chaparral","grass",94,6
"907",914,"sage","grass",74,26,"grass","sage",82,18
"908",915,"chaparral","grass",94,6,"chaparral","grass",52,48
"909",916,"chaparral","grass",50,48,"chaparral","grass",52,48
"910",917,"chaparral","grass",100,0,"chaparral","grass",94,6
"911",918,"tree","sage",46,32,"grass","tree",72,16
"912",919,"sage","grass",84,16,"grass","sage",68,32
"913",920,"grass","chaparral",68,18,"grass","chaparral",88,10
"914",921,"grass","chaparral",60,28,"grass","chaparral",82,16
"915",922,"chaparral","grass",76,24,"grass","chaparral",64,36
"916",923,"grass","sage",76,24,"grass","sage",86,14
"917",924,"sage","grass",64,36,"grass","sage",94,6
"918",925,"chaparral","grass",68,32,"grass","chaparral",96,4
"919",926,"chaparral","grass",82,18,"chaparral","grass",90,10
"920",927,"chaparral","grass",98,2,"chaparral","grass",98,2
"921",928,"sage","chaparral",58,28,"grass","sage",90,6
"922",929,"chaparral","grass",88,12,"chaparral","grass",78,22
"923",930,"chaparral","grass",100,0,"chaparral","grass",98,2
"924",931,"chaparral","grass",80,12,"chaparral","grass",78,22
"925",932,"sage","grass",70,30,"grass","sage",84,16
"926",933,"tree","grass",56,44,"tree","grass",70,30
"927",934,"chaparral","grass",84,16,"chaparral","grass",92,8
"928",935,"grass","sage",50,46,"grass","sage",72,28
"929",936,"chaparral","grass",92,8,"chaparral","grass",88,12
"930",937,"tree","grass",56,44,"tree","grass",68,32
"931",938,"tree","grass",64,36,"grass","tree",68,32
"932",939,"sage","grass",60,40,"grass","sage",70,28
"933",940,"chaparral","grass",70,30,"grass","chaparral",58,42
"934",941,"chaparral","grass",82,18,"chaparral","grass",66,34
"935",942,"chaparral","grass",90,10,"chaparral","grass",92,8
"936",943,"chaparral","grass",88,12,"chaparral","grass",70,30
"937",944,"sage","grass",58,42,"grass","sage",88,12
"938",945,"chaparral","grass",74,26,"chaparral","grass",84,16
"939",946,"tree","grass",64,36,"tree","grass",82,18
"940",947,"sage","chaparral",88,10,"sage","grass",58,42
"941",948,"tree","grass",56,44,"grass","tree",72,28
"942",949,"grass","chaparral",42,34,"grass","sage",84,16
"943",950,"chaparral","grass",84,16,"chaparral","grass",78,22
"944",951,"sage","grass",94,6,"grass","sage",82,18
"945",952,"chaparral","grass",66,34,"grass","sage",78,14
"946",953,"chaparral","grass",64,36,"chaparral","grass",70,30
"947",954,"grass","sage",98,2,"grass","sage",86,14
"948",955,"sage","grass",70,30,"grass","sage",90,8
"949",956,"chaparral","grass",86,14,"chaparral","grass",80,20
"950",957,"chaparral","grass",92,8,"sage","chaparral",42,30
"951",958,"grass","sage",56,28,"grass","sage",90,8
"952",959,"chaparral","grass",82,18,"chaparral","grass",56,42
"953",960,"chaparral","sage",60,26,"grass","chaparral",72,20
"954",961,"chaparral","grass",84,16,"chaparral","grass",88,12
"955",962,"sage","grass",54,46,"grass","sage",92,8
"956",963,"chaparral","grass",80,20,"chaparral","grass",92,8
"957",964,"tree","chaparral",70,30,"chaparral","tree",76,22
"958",965,"tree","grass",52,48,"grass","chaparral",68,26
"959",966,"sage","grass",56,44,"grass","chaparral",74,14
"960",967,"grass","chaparral",76,14,"grass","chaparral",58,40
"961",968,"grass","chaparral",62,38,"grass","chaparral",90,10
"962",969,"chaparral","grass",100,0,"grass","chaparral",74,26
"963",970,"chaparral","grass",92,8,"chaparral","grass",100,0
"964",971,"tree","grass",74,26,"tree","grass",54,46
"965",972,"chaparral","grass",84,16,"grass","chaparral",98,2
"966",973,"mixed","mixed",46,46,"tree","chaparral",58,42
"967",974,"chaparral","grass",84,16,"chaparral","grass",64,36
"968",975,"sage","chaparral",38,36,"grass","chaparral",72,14
"969",976,"grass","tree",68,32,"grass","tree",94,6
"970",977,"grass","chaparral",72,16,"grass","sage",86,14
"971",978,"chaparral","grass",60,40,"grass","sage",68,22
"972",979,"chaparral","grass",82,18,"chaparral","grass",58,40
"973",980,"grass","chaparral",50,40,"grass","chaparral",70,30
"974",981,"chaparral","grass",56,44,"grass","chaparral",52,48
"975",982,"sage","grass",48,44,"grass","sage",84,16
"976",983,"chaparral","barren",92,8,"chaparral","barren",98,2
"977",984,"chaparral","grass",68,30,"chaparral","grass",70,30
"978",985,"chaparral","grass",98,2,"chaparral","grass",98,2
"979",986,"grass","chaparral",64,32,"chaparral","grass",66,34
"980",987,"tree","chaparral",56,28,"tree","grass",72,28
"981",988,"chaparral","grass",92,8,"chaparral","grass",94,6
"982",989,"chaparral","grass",90,10,"chaparral","grass",98,2
"983",990,"tree","grass",44,30,"tree","grass",80,20
"984",991,"chaparral","grass",66,34,"chaparral","grass",58,42
"985",992,"tree","grass",48,30,"grass","chaparral",52,26
"986",993,"chaparral","grass",96,4,"chaparral","grass",80,20
"987",994,"chaparral","grass",96,4,"chaparral","grass",94,6
"988",995,"grass","sage",60,40,"grass","chaparral",70,16
"989",996,"sage","grass",66,34,"grass","sage",76,24
"990",997,"grass","chaparral",80,20,"grass","chaparral",74,26
"991",998,"chaparral","grass",96,4,"chaparral","grass",76,24
"992",999,"chaparral","grass",84,16,"chaparral","grass",62,38
"993",1000,"grass","sage",88,12,"grass","chaparral",80,20
"994",1001,"grass","sage",56,44,"grass","chaparral",54,42
"995",1002,"grass","sage",82,18,"grass","sage",80,12
"996",1003,"chaparral","grass",60,40,"grass","chaparral",60,38
"997",1004,"chaparral","grass",60,40,"mixed","mixed",50,50
"998",1005,"chaparral","grass",68,22,"grass","tree",82,18
"999",1006,"grass","tree",46,28,"grass","tree",66,20
"1000",1007,"chaparral","grass",78,22,"chaparral","grass",52,48
"1001",1008,"chaparral","grass",96,4,"chaparral","grass",100,0
"1002",1009,"chaparral","grass",90,10,"chaparral","grass",70,30
"1003",1010,"chaparral","grass",90,10,"grass","chaparral",76,24
"1004",1011,"chaparral","grass",94,6,"chaparral","grass",100,0
"1005",1012,"chaparral","grass",98,2,"chaparral","grass",82,18
"1006",1013,"chaparral","grass",72,26,"chaparral","grass",64,36
"1007",1014,"sage","grass",76,20,"grass","chaparral",46,22
"1008",1015,"chaparral","tree",78,20,"grass","chaparral",66,32
"1009",1016,"chaparral","grass",78,18,"grass","chaparral",76,20
"1010",1017,"chaparral","grass",94,6,"chaparral","grass",100,0
"1011",1018,"chaparral","grass",92,8,"chaparral","grass",54,46
"1012",1019,"chaparral","grass",100,0,"chaparral","grass",94,6
"1013",1020,"chaparral","grass",54,38,"chaparral","grass",78,22
"1014",1021,"sage","grass",80,20,"grass","sage",66,34
"1015",1022,"grass","sage",44,34,"grass","chaparral",88,6
"1016",1023,"grass","chaparral",60,38,"grass","chaparral",50,38
"1017",1024,"sage","grass",76,14,"chaparral","grass",38,36
"1018",1025,"chaparral","grass",92,8,"chaparral","grass",76,24
"1019",1026,"chaparral","grass",90,10,"chaparral","grass",74,26
"1020",1027,"chaparral","grass",88,12,"chaparral","grass",94,6
"1021",1028,"sage","grass",46,34,"grass","tree",60,24
"1022",1029,"grass","sage",72,22,"grass","sage",86,12
"1023",1030,"chaparral","grass",88,12,"chaparral","grass",86,14
"1024",1031,"grass","tree",54,46,"grass","tree",80,20
"1025",1032,"sage","grass",62,38,"grass","sage",82,16
"1026",1033,"chaparral","grass",66,34,"chaparral","grass",80,20
"1027",1034,"tree","grass",84,16,"tree","grass",98,2
"1028",1035,"grass","chaparral",54,28,"grass","chaparral",68,32
"1029",1036,"grass","chaparral",74,16,"grass","chaparral",52,46
"1030",1037,"chaparral","grass",78,22,"grass","chaparral",52,48
"1031",1038,"chaparral","grass",82,14,"grass","sage",66,28
"1032",1039,"grass","sage",66,34,"grass","sage",96,4
"1033",1040,"chaparral","grass",92,8,"chaparral","grass",76,24
"1034",1041,"chaparral","grass",94,6,"sage","chaparral",46,36
"1035",1042,"chaparral","grass",90,10,"chaparral","grass",100,0
"1036",1043,"chaparral","grass",92,8,"chaparral","grass",84,16
"1037",1044,"grass","tree",52,48,"grass","tree",70,30
"1038",1045,"grass","sage",38,36,"grass","chaparral",58,32
"1039",1046,"chaparral","grass",70,30,"chaparral","grass",96,4
"1040",1047,"sage","chaparral",74,24,"grass","sage",48,34
"1041",1048,"sage","grass",52,26,"grass","chaparral",58,42
"1042",1049,"chaparral","grass",88,12,"chaparral","grass",100,0
"1043",1050,"chaparral","grass",82,10,"chaparral","barren",66,20
"1044",1051,"chaparral","grass",54,46,"grass","chaparral",58,36
"1045",1052,"chaparral","grass",76,24,"chaparral","grass",54,46
"1046",1053,"tree","grass",56,44,"tree","grass",70,30
"1047",1054,"chaparral","grass",84,16,"chaparral","grass",74,26
"1048",1055,"chaparral","grass",64,36,"chaparral","grass",60,40
"1049",1056,"grass","chaparral",50,38,"barren","chaparral",50,38
"1050",1057,"chaparral","grass",80,20,"grass","chaparral",74,26
"1051",1058,"grass","tree",84,16,"tree","grass",52,48
"1052",1059,"chaparral","barren",76,20,"chaparral","grass",72,14
"1053",1060,"grass","chaparral",78,22,"grass","chaparral",74,26
"1054",1061,"chaparral","grass",92,8,"chaparral","grass",48,44
"1055",1062,"chaparral","grass",82,10,"chaparral","barren",96,4
"1056",1063,"chaparral","grass",100,0,"chaparral","grass",94,6
"1057",1064,"chaparral","grass",56,44,"grass","chaparral",66,28
"1058",1065,"chaparral","grass",74,24,"grass","chaparral",52,28
"1059",1066,"chaparral","grass",64,28,"grass","chaparral",82,18
"1060",1067,"chaparral","grass",92,8,"chaparral","grass",68,32
"1061",1068,"chaparral","grass",98,2,"chaparral","grass",92,8
"1062",1069,"chaparral","grass",74,26,"grass","chaparral",80,12
"1063",1070,"sage","grass",64,34,"grass","sage",78,18
"1064",1071,"grass","chaparral",60,36,"grass","sage",82,10
"1065",1072,"tree","sage",40,38,"grass","tree",70,22
"1066",1073,"chaparral","grass",80,20,"grass","sage",66,34
"1067",1074,"sage","grass",100,0,"grass","sage",78,20
"1068",1075,"chaparral","grass",86,14,"chaparral","grass",52,48
"1069",1076,"grass","chaparral",58,42,"grass","chaparral",56,44
"1070",1077,"chaparral","grass",86,14,"chaparral","grass",72,28
"1071",1078,"chaparral","grass",100,0,"chaparral","grass",98,2
"1072",1079,"grass","chaparral",58,32,"chaparral","grass",54,42
"1073",1080,"chaparral","grass",50,48,"grass","chaparral",62,38
"1074",1081,"grass","sage",58,28,"grass","sage",88,8
"1075",1082,"grass","barren",44,34,"grass","sage",80,12
"1076",1083,"chaparral","grass",82,18,"chaparral","grass",54,46
"1077",1084,"chaparral","barren",52,40,"chaparral","grass",42,32
"1078",1085,"chaparral","grass",90,10,"chaparral","grass",84,16
"1079",1086,"chaparral","grass",78,22,"grass","chaparral",56,42
"1080",1087,"chaparral","grass",88,10,"sage","grass",68,30
"1081",1088,"mixed","mixed",44,44,"chaparral","grass",50,44
"1082",1089,"chaparral","grass",90,10,"chaparral","grass",84,16
"1083",1090,"chaparral","grass",78,22,"chaparral","grass",76,24
"1084",1091,"grass","sage",42,38,"grass","sage",68,22
"1085",1092,"tree","grass",70,30,"grass","tree",64,36
"1086",1093,"chaparral","grass",82,18,"chaparral","grass",86,14
